{
  "instruct": {
    "json_args_em_metric": 0.6875,
    "json_format_metric": 1.0
  },
  "review": {
    "parse_rate": 1.0,
    "review_quality": 0.6666666666666666
  },
  "planning_bertscore": {
    "precision": 1.0,
    "recall": 0.8333333333333334,
    "f1_score": 0.8888888888888888,
    "parse_rate": 1.0
  },
  "reason_retrieve_understand": {
    "thought": 0.9272160728772482,
    "name": 0.6666666666666666,
    "args": 0.49999750001249993,
    "parse_rate": 1.0
  }
}